{
    "packages": [
        {
            "name": "graham-campbell/result-type",
            "version": "v1.1.0",
            "version_normalized": "1.1.0.0",
            "source": {
                "type": "git",
                "url": "https://github.com/GrahamCampbell/Result-Type.git",
                "reference": "a878d45c1914464426dc94da61c9e1d36ae262a8"
            },
            "dist": {
                "type": "zip",
                "url": "https://api.github.com/repos/GrahamCampbell/Result-Type/zipball/a878d45c1914464426dc94da61c9e1d36ae262a8",
                "reference": "a878d45c1914464426dc94da61c9e1d36ae262a8",
                "shasum": ""
            },
            "require": {
                "php": "^7.2.5 || ^8.0",
                "phpoption/phpoption": "^1.9"
            },
            "require-dev": {
                "phpunit/phpunit": "^8.5.28 || ^9.5.21"
            },
            "time": "2022-07-30T15:56:11+00:00",
            "type": "library",
            "installation-source": "dist",
            "autoload": {
                "psr-4": {
                    "GrahamCampbell\\ResultType\\": "src/"
                }
            },
            "notification-url": "https://packagist.org/downloads/",
            "license": [
                "MIT"
            ],
            "authors": [
                {
                    "name": "Graham Campbell",
                    "email": "hello@gjcampbell.co.uk",
                    "homepage": "https://github.com/GrahamCampbell"
                }
            ],
            "description": "An Implementation Of The Result Type",
            "keywords": [
                "Graham Campbell",
                "GrahamCampbell",
                "Result Type",
                "Result-Type",
                "result"
            ],
            "support": {
                "issues": "https://github.com/GrahamCampbell/Result-Type/issues",
                "source": "https://github.com/GrahamCampbell/Result-Type/tree/v1.1.0"
            },
            "funding": [
                {
                    "url": "https://github.com/GrahamCampbell",
                    "type": "github"
                },
                {
                    "url": "https://tidelift.com/funding/github/packagist/graham-campbell/result-type",
                    "type": "tidelift"
                }
            ],
            "install-path": "../graham-campbell/result-type"
        },
        {
            "name": "phpoption/phpoption",
            "version": "1.9.0",
            "version_normalized": "1.9.0.0",
            "source": {
                "type": "git",
                "url": "https://github.com/schmittjoh/php-option.git",
                "reference": "dc5ff11e274a90cc1c743f66c9ad700ce50db9ab"
            },
            "dist": {
                "type": "zip",
                "url": "https://api.github.com/repos/schmittjoh/php-option/zipball/dc5ff11e274a90cc1c743f66c9ad700ce50db9ab",
                "reference": "dc5ff11e274a90cc1c743f66c9ad700ce50db9ab",
                "shasum": ""
            },
            "require": {
                "php": "^7.2.5 || ^8.0"
            },
            "require-dev": {
                "bamarni/composer-bin-plugin": "^1.8",
                "phpunit/phpunit": "^8.5.28 || ^9.5.21"
            },
            "time": "2022-07-30T15:51:26+00:00",
            "type": "library",
            "extra": {
                "bamarni-bin": {
                    "bin-links": true,
                    "forward-command": true
                },
                "branch-alias": {
                    "dev-master": "1.9-dev"
                }
            },
            "installation-source": "dist",
            "autoload": {
                "psr-4": {
                    "PhpOption\\": "src/PhpOption/"
                }
            },
            "notification-url": "https://packagist.org/downloads/",
            "license": [
                "Apache-2.0"
            ],
            "authors": [
                {
                    "name": "Johannes M. Schmitt",
                    "email": "schmittjoh@gmail.com",
                    "homepage": "https://github.com/schmittjoh"
                },
                {
                    "name": "Graham Campbell",
                    "email": "hello@gjcampbell.co.uk",
                    "homepage": "https://github.com/GrahamCampbell"
                }
            ],
            "description": "Option Type for PHP",
            "keywords": [
                "language",
                "option",
                "php",
                "type"
            ],
            "support": {
                "issues": "https://github.com/schmittjoh/php-option/issues",
                "source": "https://github.com/schmittjoh/php-option/tree/1.9.0"
            },
            "funding": [
                {
                    "url": "https://github.com/GrahamCampbell",
                    "type": "github"
                },
                {
                    "url": "https://tidelift.com/funding/github/packagist/phpoption/phpoption",
                    "type": "tidelift"
                }
            ],
            "install-path": "../phpoption/phpoption"
        },
        {
            "name": "symfony/polyfill-ctype",
            "version": "v1.27.0",
            "version_normalized": "1.27.0.0",
            "source": {
                "type": "git",
                "url": "https://github.com/symfony/polyfill-ctype.git",
                "reference": "5bbc823adecdae860bb64756d639ecfec17b050a"
            },
            "dist": {
                "type": "zip",
                "url": "https://api.github.com/repos/symfony/polyfill-ctype/zipball/5bbc823adecdae860bb64756d639ecfec17b050a",
                "reference": "5bbc823adecdae860bb64756d639ecfec17b050a",
                "shasum": ""
            },
            "require": {
                "php": ">=7.1"
            },
            "provide": {
                "ext-ctype": "*"
            },
            "suggest": {
                "ext-ctype": "For best performance"
            },
            "time": "2022-11-03T14:55:06+00:00",
            "type": "library",
            "extra": {
                "branch-alias": {
                    "dev-main": "1.27-dev"
                },
                "thanks": {
                    "name": "symfony/polyfill",
                    "url": "https://github.com/symfony/polyfill"
                }
            },
            "installation-source": "dist",
            "autoload": {
                "files": [
                    "bootstrap.php"
                ],
                "psr-4": {
                    "Symfony\\Polyfill\\Ctype\\": ""
                }
            },
            "notification-url": "https://packagist.org/downloads/",
            "license": [
                "MIT"
            ],
            "authors": [
                {
                    "name": "Gert de Pagter",
                    "email": "BackEndTea@gmail.com"
                },
                {
                    "name": "Symfony Community",
                    "homepage": "https://symfony.com/contributors"
                }
            ],
            "description": "Symfony polyfill for ctype functions",
            "homepage": "https://symfony.com",
            "keywords": [
                "compatibility",
                "ctype",
                "polyfill",
                "portable"
            ],
            "support": {
                "source": "https://github.com/symfony/polyfill-ctype/tree/v1.27.0"
            },
            "funding": [
                {
                    "url": "https://symfony.com/sponsor",
                    "type": "custom"
                },
                {
                    "url": "https://github.com/fabpot",
                    "type": "github"
                },
                {
                    "url": "https://tidelift.com/funding/github/packagist/symfony/symfony",
                    "type": "tidelift"
                }
            ],
            "install-path": "../symfony/polyfill-ctype"
        },
        {
            "name": "symfony/polyfill-mbstring",
            "version": "v1.27.0",
            "version_normalized": "1.27.0.0",
            "source": {
                "type": "git",
                "url": "https://github.com/symfony/polyfill-mbstring.git",
                "reference": "8ad114f6b39e2c98a8b0e3bd907732c207c2b534"
            },
            "dist": {
                "type": "zip",
                "url": "https://api.github.com/repos/symfony/polyfill-mbstring/zipball/8ad114f6b39e2c98a8b0e3bd907732c207c2b534",
                "reference": "8ad114f6b39e2c98a8b0e3bd907732c207c2b534",
                "shasum": ""
            },
            "require": {
                "php": ">=7.1"
            },
            "provide": {
                "ext-mbstring": "*"
            },
            "suggest": {
                "ext-mbstring": "For best performance"
            },
            "time": "2022-11-03T14:55:06+00:00",
            "type": "library",
            "extra": {
                "branch-alias": {
                    "dev-main": "1.27-dev"
                },
                "thanks": {
                    "name": "symfony/polyfill",
                    "url": "https://github.com/symfony/polyfill"
                }
            },
            "installation-source": "dist",
            "autoload": {
                "files": [
                    "bootstrap.php"
                ],
                "psr-4": {
                    "Symfony\\Polyfill\\Mbstring\\": ""
                }
            },
            "notification-url": "https://packagist.org/downloads/",
            "license": [
                "MIT"
            ],
            "authors": [
                {
                    "name": "Nicolas Grekas",
                    "email": "p@tchwork.com"
                },
                {
                    "name": "Symfony Community",
                    "homepage": "https://symfony.com/contributors"
                }
            ],
            "description": "Symfony polyfill for the Mbstring extension",
            "homepage": "https://symfony.com",
            "keywords": [
                "compatibility",
                "mbstring",
                "polyfill",
                "portable",
                "shim"
            ],
            "support": {
                "source": "https://github.com/symfony/polyfill-mbstring/tree/v1.27.0"
            },
            "funding": [
                {
                    "url": "https://symfony.com/sponsor",
                    "type": "custom"
                },
                {
                    "url": "https://github.com/fabpot",
                    "type": "github"
                },
                {
                    "url": "https://tidelift.com/funding/github/packagist/symfony/symfony",
                    "type": "tidelift"
                }
            ],
            "install-path": "../symfony/polyfill-mbstring"
        },
        {
            "name": "symfony/polyfill-php80",
            "version": "v1.27.0",
            "version_normalized": "1.27.0.0",
            "source": {
                "type": "git",
                "url": "https://github.com/symfony/polyfill-php80.git",
                "reference": "7a6ff3f1959bb01aefccb463a0f2cd3d3d2fd936"
            },
            "dist": {
                "type": "zip",
                "url": "https://api.github.com/repos/symfony/polyfill-php80/zipball/7a6ff3f1959bb01aefccb463a0f2cd3d3d2fd936",
                "reference": "7a6ff3f1959bb01aefccb463a0f2cd3d3d2fd936",
                "shasum": ""
            },
            "require": {
                "php": ">=7.1"
            },
            "time": "2022-11-03T14:55:06+00:00",
            "type": "library",
            "extra": {
                "branch-alias": {
                    "dev-main": "1.27-dev"
                },
                "thanks": {
                    "name": "symfony/polyfill",
                    "url": "https://github.com/symfony/polyfill"
                }
            },
            "installation-source": "dist",
            "autoload": {
                "files": [
                    "bootstrap.php"
                ],
                "psr-4": {
                    "Symfony\\Polyfill\\Php80\\": ""
                },
                "classmap": [
                    "Resources/stubs"
                ]
            },
            "notification-url": "https://packagist.org/downloads/",
            "license": [
                "MIT"
            ],
            "authors": [
                {
                    "name": "Ion Bazan",
                    "email": "ion.bazan@gmail.com"
                },
                {
                    "name": "Nicolas Grekas",
                    "email": "p@tchwork.com"
                },
                {
                    "name": "Symfony Community",
                    "homepage": "https://symfony.com/contributors"
                }
            ],
            "description": "Symfony polyfill backporting some PHP 8.0+ features to lower PHP versions",
            "homepage": "https://symfony.com",
            "keywords": [
                "compatibility",
                "polyfill",
                "portable",
                "shim"
            ],
            "support": {
                "source": "https://github.com/symfony/polyfill-php80/tree/v1.27.0"
            },
            "funding": [
                {
                    "url": "https://symfony.com/sponsor",
                    "type": "custom"
                },
                {
                    "url": "https://github.com/fabpot",
                    "type": "github"
                },
                {
                    "url": "https://tidelift.com/funding/github/packagist/symfony/symfony",
                    "type": "tidelift"
                }
            ],
            "install-path": "../symfony/polyfill-php80"
        },
        {
            "name": "vlucas/phpdotenv",
            "version": "v5.5.0",
            "version_normalized": "5.5.0.0",
            "source": {
                "type": "git",
                "url": "https://github.com/vlucas/phpdotenv.git",
                "reference": "1a7ea2afc49c3ee6d87061f5a233e3a035d0eae7"
            },
            "dist": {
                "type": "zip",
                "url": "https://api.github.com/repos/vlucas/phpdotenv/zipball/1a7ea2afc49c3ee6d87061f5a233e3a035d0eae7",
                "reference": "1a7ea2afc49c3ee6d87061f5a233e3a035d0eae7",
                "shasum": ""
            },
            "require": {
                "ext-pcre": "*",
                "graham-campbell/result-type": "^1.0.2",
                "php": "^7.1.3 || ^8.0",
                "phpoption/phpoption": "^1.8",
                "symfony/polyfill-ctype": "^1.23",
                "symfony/polyfill-mbstring": "^1.23.1",
                "symfony/polyfill-php80": "^1.23.1"
            },
            "require-dev": {
                "bamarni/composer-bin-plugin": "^1.4.1",
                "ext-filter": "*",
                "phpunit/phpunit": "^7.5.20 || ^8.5.30 || ^9.5.25"
            },
            "suggest": {
                "ext-filter": "Required to use the boolean validator."
            },
            "time": "2022-10-16T01:01:54+00:00",
            "type": "library",
            "extra": {
                "bamarni-bin": {
                    "bin-links": true,
                    "forward-command": true
                },
                "branch-alias": {
                    "dev-master": "5.5-dev"
                }
            },
            "installation-source": "dist",
            "autoload": {
                "psr-4": {
                    "Dotenv\\": "src/"
                }
            },
            "notification-url": "https://packagist.org/downloads/",
            "license": [
                "BSD-3-Clause"
            ],
            "authors": [
                {
                    "name": "Graham Campbell",
                    "email": "hello@gjcampbell.co.uk",
                    "homepage": "https://github.com/GrahamCampbell"
                },
                {
                    "name": "Vance Lucas",
                    "email": "vance@vancelucas.com",
                    "homepage": "https://github.com/vlucas"
                }
            ],
            "description": "Loads environment variables from `.env` to `getenv()`, `$_ENV` and `$_SERVER` automagically.",
            "keywords": [
                "dotenv",
                "env",
                "environment"
            ],
            "support": {
                "issues": "https://github.com/vlucas/phpdotenv/issues",
                "source": "https://github.com/vlucas/phpdotenv/tree/v5.5.0"
            },
            "funding": [
                {
                    "url": "https://github.com/GrahamCampbell",
                    "type": "github"
                },
                {
                    "url": "https://tidelift.com/funding/github/packagist/vlucas/phpdotenv",
                    "type": "tidelift"
                }
            ],
            "install-path": "../vlucas/phpdotenv"
        }
    ],
    "dev": true,
    "dev-package-names": []
}
