{"Body":{"stkCallback":{"MerchantRequestID":"118511-73923808-1","CheckoutRequestID":"ws_CO_12122022090650696703615240","ResultCode":0,"ResultDesc":"The service request is processed successfully.","CallbackMetadata":{"Item":[{"Name":"Amount","Value":1},{"Name":"MpesaReceiptNumber","Value":"QLC1YNTEEH"},{"Name":"Balance"},{"Name":"TransactionDate","Value":20221212090658},{"Name":"PhoneNumber","Value":254703615240}]},"TinyPesaID":"29ed7630-79e3-11ed-8504-b1ece0454f53","ExternalReference":"6396c4f63848b","Amount":1,"Msisdn":"254703615240"}}}{"Body":{"stkCallback":{"MerchantRequestID":"8485-74963687-1","CheckoutRequestID":"ws_CO_12122022092815087703615240","ResultCode":1032,"ResultDesc":"Request cancelled by user","TinyPesaID":"278de320-79e6-11ed-a3c8-b52b9e861e3b","ExternalReference":"6396c9fa53bc6","Amount":1,"Msisdn":"254703615240"}}}{"Body":{"stkCallback":{"MerchantRequestID":"12421-76619264-1","CheckoutRequestID":"ws_CO_12122022092919920703615240","ResultCode":0,"ResultDesc":"The service request is processed successfully.","CallbackMetadata":{"Item":[{"Name":"Amount","Value":1},{"Name":"MpesaReceiptNumber","Value":"QLC5YPNZ7V"},{"Name":"Balance"},{"Name":"TransactionDate","Value":20221212092927},{"Name":"PhoneNumber","Value":254703615240}]},"TinyPesaID":"4d6a5270-79e6-11ed-8eec-93ea11f24e4c","ExternalReference":"6396ca3a82b11","Amount":1,"Msisdn":"254703615240"}}}{"Body":{"stkCallback":{"MerchantRequestID":"9944-74070123-1","CheckoutRequestID":"ws_CO_12122022093141192703615240","ResultCode":1032,"ResultDesc":"Request cancelled by user","TinyPesaID":"a245faf0-79e6-11ed-8a83-7d0220309d5c","ExternalReference":"6396cac8a172b","Amount":1,"Msisdn":"254703615240"}}}{"Body":{"stkCallback":{"MerchantRequestID":"25150-47361489-1","CheckoutRequestID":"ws_CO_18122022173243410703615240","ResultCode":1032,"ResultDesc":"Request cancelled by user","TinyPesaID":"d33d5620-7ee0-11ed-8bc0-e90043d6af46","ExternalReference":"639f2471574d3","Amount":1,"Msisdn":"254703615240"}}}{"Body":{"stkCallback":{"MerchantRequestID":"6086-94265151-1","CheckoutRequestID":"ws_CO_18122022173950016703615240","ResultCode":0,"ResultDesc":"The service request is processed successfully.","CallbackMetadata":{"Item":[{"Name":"Amount","Value":1},{"Name":"MpesaReceiptNumber","Value":"QLI8GZSSQA"},{"Name":"Balance"},{"Name":"TransactionDate","Value":20221218173956},{"Name":"PhoneNumber","Value":254703615240}]},"TinyPesaID":"d1c5a210-7ee1-11ed-a474-ab2305ebbbed","ExternalReference":"639f262feda6d","Amount":1,"Msisdn":"254703615240"}}}