{"Body":{"stkCallback":{"MerchantRequestID":"45429-4288230-1","CheckoutRequestID":"ws_CO_20102022122432699703615240","ResultCode":1037,"ResultDesc":"DS timeout user cannot be reached","TinyPesaID":"003148b0-5059-11ed-84a3-e1572fe29fd2","ExternalReference":"soko","Amount":1,"Msisdn":"254703615240"}}}{"Body":{"stkCallback":{"MerchantRequestID":"68419-40888124-1","CheckoutRequestID":"ws_CO_20102022122526320703615240","ResultCode":0,"ResultDesc":"The service request is processed successfully.","CallbackMetadata":{"Item":[{"Name":"Amount","Value":1},{"Name":"MpesaReceiptNumber","Value":"QJK69GNOTK"},{"Name":"Balance"},{"Name":"TransactionDate","Value":20221020122535},{"Name":"PhoneNumber","Value":254703615240}]},"TinyPesaID":"1f4effc0-5059-11ed-a572-338e4f8f7f91","ExternalReference":"soko","Amount":1,"Msisdn":"254703615240"}}}{"Body":{"stkCallback":{"MerchantRequestID":"7105-1831562-1","CheckoutRequestID":"ws_CO_20102022122915009703615240","ResultCode":0,"ResultDesc":"The service request is processed successfully.","CallbackMetadata":{"Item":[{"Name":"Amount","Value":1},{"Name":"MpesaReceiptNumber","Value":"QJK99GYK41"},{"Name":"Balance"},{"Name":"TransactionDate","Value":20221020122922},{"Name":"PhoneNumber","Value":254703615240}]},"TinyPesaID":"a8720500-5059-11ed-943b-3970a6442d6f","ExternalReference":"63493cd7662e4","Amount":1,"Msisdn":"254703615240"}}}{"Body":{"stkCallback":{"MerchantRequestID":"45438-4343960-1","CheckoutRequestID":"ws_CO_20102022124458899703615240","ResultCode":0,"ResultDesc":"The service request is processed successfully.","CallbackMetadata":{"Item":[{"Name":"Amount","Value":1},{"Name":"MpesaReceiptNumber","Value":"QJK59I4UL3"},{"Name":"Balance"},{"Name":"TransactionDate","Value":20221020124509},{"Name":"PhoneNumber","Value":254703615240}]},"TinyPesaID":"db47ee40-505b-11ed-b700-199973e6d212","ExternalReference":"63493cd7662e4##","Amount":1,"Msisdn":"254703615240"}}}{"Body":{"stkCallback":{"MerchantRequestID":"45430-4360248-1","CheckoutRequestID":"ws_CO_20102022125053494703615240","ResultCode":0,"ResultDesc":"The service request is processed successfully.","CallbackMetadata":{"Item":[{"Name":"Amount","Value":1},{"Name":"MpesaReceiptNumber","Value":"QJK49IKYTE"},{"Name":"Balance"},{"Name":"TransactionDate","Value":20221020125103},{"Name":"PhoneNumber","Value":254703615240}]},"TinyPesaID":"aede5d70-505c-11ed-a608-d33306d467d0","ExternalReference":"63493cd7662e4##1","Amount":1,"Msisdn":"254703615240"}}}{"Body":{"stkCallback":{"MerchantRequestID":"106226-4359329-1","CheckoutRequestID":"ws_CO_20102022125511334703615240","ResultCode":0,"ResultDesc":"The service request is processed successfully.","CallbackMetadata":{"Item":[{"Name":"Amount","Value":1},{"Name":"MpesaReceiptNumber","Value":"QJK59IWBM3"},{"Name":"Balance"},{"Name":"TransactionDate","Value":20221020125521},{"Name":"PhoneNumber","Value":254703615240}]},"TinyPesaID":"4859a480-505d-11ed-bb86-c912aa9e4040","ExternalReference":"63493cd7662e4##1","Amount":1,"Msisdn":"254703615240"}}}{"Body":{"stkCallback":{"MerchantRequestID":"68441-40995188-1","CheckoutRequestID":"ws_CO_20102022130327693703615240","ResultCode":0,"ResultDesc":"The service request is processed successfully.","CallbackMetadata":{"Item":[{"Name":"Amount","Value":1},{"Name":"MpesaReceiptNumber","Value":"QJK89JIXMC"},{"Name":"Balance"},{"Name":"TransactionDate","Value":20221020130334},{"Name":"PhoneNumber","Value":254703615240}]},"TinyPesaID":"7016d820-505e-11ed-a15c-e71bd68928f6","ExternalReference":"63493d1f80106##2","Amount":1,"Msisdn":"254703615240"}}}{"Body":{"stkCallback":{"MerchantRequestID":"514-10466708-1","CheckoutRequestID":"ws_CO_20102022133607946703615240","ResultCode":0,"ResultDesc":"The service request is processed successfully.","CallbackMetadata":{"Item":[{"Name":"Amount","Value":1},{"Name":"MpesaReceiptNumber","Value":"QJK39M2S11"},{"Name":"Balance"},{"Name":"TransactionDate","Value":20221020133618},{"Name":"PhoneNumber","Value":254703615240}]},"TinyPesaID":"0084b970-5063-11ed-971f-3f851f5dd150","ExternalReference":"63493cd7662e4##4","Amount":1,"Msisdn":"254703615240"}}}{"Body":{"stkCallback":{"MerchantRequestID":"28887-19555436-1","CheckoutRequestID":"ws_CO_24102022163637830703615240","ResultCode":2001,"ResultDesc":"The initiator information is invalid.","TinyPesaID":"e194e1f0-53a0-11ed-97d9-c9b48675426e","ExternalReference":"6355272739cea##1","Amount":1,"Msisdn":"254703615240"}}}{"Body":{"stkCallback":{"MerchantRequestID":"28905-19556773-1","CheckoutRequestID":"ws_CO_24102022163705884703615240","ResultCode":0,"ResultDesc":"The service request is processed successfully.","CallbackMetadata":{"Item":[{"Name":"Amount","Value":1},{"Name":"MpesaReceiptNumber","Value":"QJO0IRA3VG"},{"Name":"TransactionDate","Value":20221024163721},{"Name":"PhoneNumber","Value":254703615240}]},"TinyPesaID":"f1e2d470-53a0-11ed-a601-bd4f997cae2c","ExternalReference":"6355272739cea##1","Amount":1,"Msisdn":"254703615240"}}}{"Body":{"stkCallback":{"MerchantRequestID":"7114-14979972-1","CheckoutRequestID":"ws_CO_24102022164715511703615240","ResultCode":0,"ResultDesc":"The service request is processed successfully.","CallbackMetadata":{"Item":[{"Name":"Amount","Value":1},{"Name":"MpesaReceiptNumber","Value":"QJO4IS55NA"},{"Name":"TransactionDate","Value":20221024164740},{"Name":"PhoneNumber","Value":254703615240}]},"TinyPesaID":"5cb9c720-53a2-11ed-a232-8d9bed5d6647","ExternalReference":"6355272739cea##1","Amount":1,"Msisdn":"254703615240"}}}{"Body":{"stkCallback":{"MerchantRequestID":"19092-115081276-1","CheckoutRequestID":"ws_CO_24102022165353721703615240","ResultCode":0,"ResultDesc":"The service request is processed successfully.","CallbackMetadata":{"Item":[{"Name":"Amount","Value":1},{"Name":"MpesaReceiptNumber","Value":"QJO1ISOJ1B"},{"Name":"TransactionDate","Value":20221024165403},{"Name":"PhoneNumber","Value":254703615240}]},"TinyPesaID":"4a7dc500-53a3-11ed-8e3b-af6e328ea5d1","ExternalReference":"6355272739cea##1","Amount":1,"Msisdn":"254703615240"}}}{"Body":{"stkCallback":{"MerchantRequestID":"11222-19725563-1","CheckoutRequestID":"ws_CO_24102022170452637703615240","ResultCode":0,"ResultDesc":"The service request is processed successfully.","CallbackMetadata":{"Item":[{"Name":"Amount","Value":1},{"Name":"MpesaReceiptNumber","Value":"QJO2ITM9TU"},{"Name":"TransactionDate","Value":20221024170502},{"Name":"PhoneNumber","Value":254703615240}]},"TinyPesaID":"d22f5480-53a4-11ed-ac03-41a94138cb8c","ExternalReference":"6355272739cea##1","Amount":1,"Msisdn":"254703615240"}}}{"Body":{"stkCallback":{"MerchantRequestID":"532-23871698-1","CheckoutRequestID":"ws_CO_24102022170837890703615240","ResultCode":0,"ResultDesc":"The service request is processed successfully.","CallbackMetadata":{"Item":[{"Name":"Amount","Value":1},{"Name":"MpesaReceiptNumber","Value":"QJO4ITY63E"},{"Name":"TransactionDate","Value":20221024170849},{"Name":"PhoneNumber","Value":254703615240}]},"TinyPesaID":"59ed6420-53a5-11ed-b596-9f007c51bd5b","ExternalReference":"6355272739cea##1","Amount":1,"Msisdn":"254703615240"}}}{"Body":{"stkCallback":{"MerchantRequestID":"22682-17346109-1","CheckoutRequestID":"ws_CO_24102022171949691703615240","ResultCode":0,"ResultDesc":"The service request is processed successfully.","CallbackMetadata":{"Item":[{"Name":"Amount","Value":1},{"Name":"MpesaReceiptNumber","Value":"QJO9IUYVK1"},{"Name":"TransactionDate","Value":20221024172003},{"Name":"PhoneNumber","Value":254703615240}]},"TinyPesaID":"ea056d00-53a6-11ed-9273-b53bba3b477c","ExternalReference":"6355272739cea##1","Amount":1,"Msisdn":"254703615240"}}}{"Body":{"stkCallback":{"MerchantRequestID":"4923-18316414-1","CheckoutRequestID":"ws_CO_24102022173321517703615240","ResultCode":0,"ResultDesc":"The service request is processed successfully.","CallbackMetadata":{"Item":[{"Name":"Amount","Value":1},{"Name":"MpesaReceiptNumber","Value":"QJO4IW7Q88"},{"Name":"TransactionDate","Value":20221024173330},{"Name":"PhoneNumber","Value":254703615240}]},"TinyPesaID":"ccc36ea0-53a8-11ed-9d6e-8397f904cdb6","ExternalReference":"6355272739cea##1","Amount":1,"Msisdn":"254703615240"}}}{"Body":{"stkCallback":{"MerchantRequestID":"66402-17366650-1","CheckoutRequestID":"ws_CO_24102022173447857703615240","ResultCode":0,"ResultDesc":"The service request is processed successfully.","CallbackMetadata":{"Item":[{"Name":"Amount","Value":1},{"Name":"MpesaReceiptNumber","Value":"QJO1IWCZVN"},{"Name":"TransactionDate","Value":20221024173459},{"Name":"PhoneNumber","Value":254703615240}]},"TinyPesaID":"00d3fa20-53a9-11ed-a195-d1bf713edb2d","ExternalReference":"6355272739cea##1","Amount":1,"Msisdn":"254703615240"}}}{"Body":{"stkCallback":{"MerchantRequestID":"45435-17513111-1","CheckoutRequestID":"ws_CO_24102022181951682703615240","ResultCode":0,"ResultDesc":"The service request is processed successfully.","CallbackMetadata":{"Item":[{"Name":"Amount","Value":1},{"Name":"MpesaReceiptNumber","Value":"QJO9J112GF"},{"Name":"TransactionDate","Value":20221024182005},{"Name":"PhoneNumber","Value":254703615240}]},"TinyPesaID":"4c5380c0-53af-11ed-ad23-1150226a83b6","ExternalReference":"63552750186de##1","Amount":1,"Msisdn":"254703615240"}}}{"Body":{"stkCallback":{"MerchantRequestID":"105459-34474144-1","CheckoutRequestID":"ws_CO_24102022185219878703615240","ResultCode":0,"ResultDesc":"The service request is processed successfully.","CallbackMetadata":{"Item":[{"Name":"Amount","Value":1},{"Name":"MpesaReceiptNumber","Value":"QJO7J512H3"},{"Name":"TransactionDate","Value":20221024185236},{"Name":"PhoneNumber","Value":254703615240}]},"TinyPesaID":"d56d2e50-53b3-11ed-b75f-9b4d58f80be0","ExternalReference":"6355272739cea##1","Amount":1,"Msisdn":"254703615240"}}}{"Body":{"stkCallback":{"MerchantRequestID":"11217-20165990-1","CheckoutRequestID":"ws_CO_24102022191121976703615240","ResultCode":0,"ResultDesc":"The service request is processed successfully.","CallbackMetadata":{"Item":[{"Name":"Amount","Value":1},{"Name":"MpesaReceiptNumber","Value":"QJO3J7MMC1"},{"Name":"TransactionDate","Value":20221024191133},{"Name":"PhoneNumber","Value":254703615240}]},"TinyPesaID":"7f0dd870-53b6-11ed-9726-49526245bacd","ExternalReference":"63493d1f80106##1","Amount":1,"Msisdn":"254703615240"}}}{"Body":{"stkCallback":{"MerchantRequestID":"526-24704276-1","CheckoutRequestID":"ws_CO_24102022210053931703615240","ResultCode":0,"ResultDesc":"The service request is processed successfully.","CallbackMetadata":{"Item":[{"Name":"Amount","Value":1},{"Name":"MpesaReceiptNumber","Value":"QJO6JJSSJ8"},{"Name":"TransactionDate","Value":20221024210106},{"Name":"PhoneNumber","Value":254703615240}]},"TinyPesaID":"cc8c40c0-53c5-11ed-b1b7-1153a3963b3b","ExternalReference":"6356d2d223c47","Amount":1,"Msisdn":"254703615240"}}}{"Body":{"stkCallback":{"MerchantRequestID":"533-24724674-1","CheckoutRequestID":"ws_CO_24102022210718716703615240","ResultCode":0,"ResultDesc":"The service request is processed successfully.","CallbackMetadata":{"Item":[{"Name":"Amount","Value":1},{"Name":"MpesaReceiptNumber","Value":"QJO9JKBV03"},{"Name":"TransactionDate","Value":20221024210734},{"Name":"PhoneNumber","Value":254703615240}]},"TinyPesaID":"b12a9110-53c6-11ed-ac8d-af9183109ce8","ExternalReference":"6356d4520987e","Amount":1,"Msisdn":"254703615240"}}}{"Body":{"stkCallback":{"MerchantRequestID":"45433-18181516-1","CheckoutRequestID":"ws_CO_24102022213114977703615240","ResultCode":1032,"ResultDesc":"Request cancelled by user","TinyPesaID":"092d1340-53ca-11ed-80af-3fbda9427204","ExternalReference":"6356d9e6a6694","Amount":1,"Msisdn":"254703615240"}}}{"Body":{"stkCallback":{"MerchantRequestID":"28892-20569314-1","CheckoutRequestID":"ws_CO_24102022213137239703615240","ResultCode":1037,"ResultDesc":"DS timeout user cannot be reached","TinyPesaID":"15d44e80-53ca-11ed-a1ea-f1a9e0b8f48c","ExternalReference":"6356da01ccb7c","Amount":1,"Msisdn":"254703615240"}}}{"Body":{"stkCallback":{"MerchantRequestID":"11211-20671591-1","CheckoutRequestID":"ws_CO_24102022213209684703615240","ResultCode":1037,"ResultDesc":"DS timeout user cannot be reached","TinyPesaID":"29822280-53ca-11ed-ae87-830da9eb1b6c","ExternalReference":"6356da1f1b8d6","Amount":1,"Msisdn":"254703615240"}}}{"Body":{"stkCallback":{"MerchantRequestID":"28903-20592424-1","CheckoutRequestID":"ws_CO_24102022213935847703615240","ResultCode":0,"ResultDesc":"The service request is processed successfully.","CallbackMetadata":{"Item":[{"Name":"Amount","Value":1},{"Name":"MpesaReceiptNumber","Value":"QJO5JMLZI5"},{"Name":"TransactionDate","Value":20221024213957},{"Name":"PhoneNumber","Value":254703615240}]},"TinyPesaID":"33cf9cd0-53cb-11ed-ba62-df5e9fdcccd4","ExternalReference":"6356dbe323565","Amount":1,"Msisdn":"254703615240"}}}{"Body":{"stkCallback":{"MerchantRequestID":"106228-18223837-1","CheckoutRequestID":"ws_CO_24102022215405758703615240","ResultCode":0,"ResultDesc":"The service request is processed successfully.","CallbackMetadata":{"Item":[{"Name":"Amount","Value":1},{"Name":"MpesaReceiptNumber","Value":"QJO1JNGY5J"},{"Name":"TransactionDate","Value":20221024215419},{"Name":"PhoneNumber","Value":254703615240}]},"TinyPesaID":"3a3ba1c0-53cd-11ed-a911-710e61476aba","ExternalReference":"6356df48a12b7","Amount":1,"Msisdn":"254703615240"}}}{"Body":{"stkCallback":{"MerchantRequestID":"22697-18283393-1","CheckoutRequestID":"ws_CO_24102022215832993703615240","ResultCode":1032,"ResultDesc":"Request cancelled by user","TinyPesaID":"da0aeda0-53cd-11ed-a508-53132d211c16","ExternalReference":"6356e054d8136","Amount":1,"Msisdn":"254703615240"}}}{"Body":{"stkCallback":{"MerchantRequestID":"22699-18286707-1","CheckoutRequestID":"ws_CO_24102022215950131703615240","ResultCode":0,"ResultDesc":"The service request is processed successfully.","CallbackMetadata":{"Item":[{"Name":"Amount","Value":1},{"Name":"MpesaReceiptNumber","Value":"QJO4JNSD6A"},{"Name":"TransactionDate","Value":20221024220002},{"Name":"PhoneNumber","Value":254703615240}]},"TinyPesaID":"0735b560-53ce-11ed-a8bd-1f7e395be796","ExternalReference":"6356e0a0502d8","Amount":1,"Msisdn":"254703615240"}}}{"Body":{"stkCallback":{"MerchantRequestID":"105448-35182475-1","CheckoutRequestID":"ws_CO_24102022222555828703615240","ResultCode":0,"ResultDesc":"The service request is processed successfully.","CallbackMetadata":{"Item":[{"Name":"Amount","Value":1},{"Name":"MpesaReceiptNumber","Value":"QJO1JOYAXL"},{"Name":"TransactionDate","Value":20221024222609},{"Name":"PhoneNumber","Value":254703615240}]},"TinyPesaID":"acf474c0-53d1-11ed-a0e8-93837cf2e08b","ExternalReference":"6356e6bf41f63","Amount":1,"Msisdn":"254703615240"}}}{"Body":{"stkCallback":{"MerchantRequestID":"19075-116211488-1","CheckoutRequestID":"ws_CO_24102022230326530703615240","ResultCode":0,"ResultDesc":"The service request is processed successfully.","CallbackMetadata":{"Item":[{"Name":"Amount","Value":1},{"Name":"MpesaReceiptNumber","Value":"QJO8JQ2G78"},{"Name":"TransactionDate","Value":20221024230335},{"Name":"PhoneNumber","Value":254703615240}]},"TinyPesaID":"eaf832c0-53d6-11ed-b736-b5f6c4cf2ffe","ExternalReference":"6356ef8a5a20b","Amount":1,"Msisdn":"254703615240"}}}

{"Body":{"stkCallback":{"MerchantRequestID":"28896-20792115-1","CheckoutRequestID":"ws_CO_24102022230810541703615240","ResultCode":0,"ResultDesc":"The service request is processed successfully.","CallbackMetadata":{"Item":[{"Name":"Amount","Value":1},{"Name":"MpesaReceiptNumber","Value":"QJO9JQ72ZF"},{"Name":"TransactionDate","Value":20221024230821},{"Name":"PhoneNumber","Value":254703615240}]},"TinyPesaID":"933b77d0-53d7-11ed-820a-bf1ab410e145","ExternalReference":"6356f0a526d82","Amount":1,"Msisdn":"254703615240"}}}